Ano,Mes,Maxima_Energia_Armazenada,Energia_Armazenada_Verificada,Porcentagem_Armazenamento_Total,Subsistema,Consumo_Mensal
2010,1,51766.0,35987.870967741925,69.521289456774127,Nordeste,697459.6569444444
2010,1,12415.0,9087.4516129032036,73.200000147741946,Norte,238439.90138888889
2010,1,193066.12903225797,143647.77419354868,74.40225761129021,Sudeste / Centro-Oeste,2316136.9708333332
2010,1,18895.0,18384.451612903249,97.296451937419292,Sul,718193.61944444443
2010,2,51766.0,36138.892857142833,69.811071395714237,Nordeste,614730.31666666665
2010,2,12415.0,11811.142857142861,95.138571602499923,Norte,206907.75
2010,2,193561.0,148223.10714285736,76.576429094285643,Sudeste / Centro-Oeste,2131097.3444444444
2010,2,18895.0,18342.178571428576,97.0735718864286,Sul,670138.661111111
2010,3,51806.225806451628,36547.741935483842,70.54741914774209,Nordeste,745187.7736111111
2010,3,12415.0,12261.677419354823,98.767418645483858,Norte,243570.70277777777
2010,3,193574.1612903222,156571.87096774159,80.883871509677391,Sudeste / Centro-Oeste,2418925.0055555557
2010,3,18895.0,17327.48387096775,91.702257463225735,Sul,766248.7
2010,4,51809.0,39382.100000000086,76.014666493666468,Nordeste,694008.70833333337
2010,4,12415.0,12325.399999999974,99.280333455333334,Norte,241229.45833333334
2010,4,193575.0,160620.53333333306,82.975999451333124,Sudeste / Centro-Oeste,2368736.7916666665
2010,4,18895.0,17179.600000000009,90.920000457666617,Sul,715779.45833333337
2010,5,51809.0,38954.87096774191,75.189355173870808,Nordeste,725267.00138888892
2010,5,12415.0,12318.516129032274,99.225161399032245,Norte,251791.98888888888
2010,5,193575.0,155536.58064516145,80.349354897096731,Sudeste / Centro-Oeste,2370270.9361111112
2010,5,18895.0,17260.193548387102,91.346451790645261,Sul,704466.17361111112
2010,6,51809.0,37042.166666666693,71.497333017666662,Nordeste,696037.08333333337
2010,6,12415.0,11814.666666666677,95.167666371,Norte,247400.0
2010,6,193575.0,148359.26666666649,76.641666921999857,Sudeste / Centro-Oeste,2285991.25
2010,6,18895.0,17509.166666666668,92.663999430666649,Sul,672826.95833333337
2010,7,51809.0,34611.838709677431,66.807097158709752,Nordeste,710176.2875
2010,7,12415.0,10420.967741935459,83.939676099999886,Norte,254258.08194444445
2010,7,193575.0,137601.80645161282,71.084516709032229,Sudeste / Centro-Oeste,2318957.0236111111
2010,7,18895.0,16040.161290322576,84.888710021290308,Sul,699358.45
2010,8,51809.0,31067.419354838748,59.965483880645209,Nordeste,707714.1125
2010,8,12415.0,8353.3225806451646,67.286128875161353,Norte,258218.03055555557
2010,8,198822.16129032275,125244.54838709683,63.019355281612825,Sudeste / Centro-Oeste,2417889.175
2010,8,18895.0,16642.354838709674,88.076451455161347,Sul,706578.7375
2010,9,51809.0,26934.699999999986,51.988999811666616,Nordeste,693124.04166666663
2010,9,12415.0,6429.7999999999929,51.791000112333379,Norte,257034.41666666666
2010,9,200105.0,106993.06666666674,53.469333267666663,Sudeste / Centro-Oeste,2388986.0
2010,9,18895.0,13259.400000000003,70.172666421666577,Sul,678501.04166666663
2010,10,51809.0,22358.419354838756,43.155483860967784,Nordeste,743641.3902777778
2010,10,12415.0,5001.7419354838685,40.2890319816129,Norte,270846.09583333333
2010,10,200105.0,92736.1290322581,46.342580979677436,Sudeste / Centro-Oeste,2444136.8319444442
2010,10,18895.0,11118.741935483873,58.844516261935489,Sul,689065.02916666667
2010,11,51809.0,20368.433333333338,39.314666366666721,Nordeste,722585.83333333337
2010,11,12415.0,4093.0000000000082,32.969333330666586,Norte,255127.25
2010,11,200105.0,82873.899999999965,41.415666581333369,Sudeste / Centro-Oeste,2341176.375
2010,11,18895.0,8631.0666666666657,45.677999877666679,Sul,683264.91666666663
2010,12,51809.0,21670.54838709674,41.827419525806441,Nordeste,751063.7375
2010,12,12415.0,4298.8709677419329,34.627096791612928,Norte,262245.18888888886
2010,12,200107.90322580651,83629.129032258148,41.791935213225763,Sudeste / Centro-Oeste,2499953.5805555554
2010,12,18949.193548387106,10710.580645161293,56.479032454516108,Sul,741724.55694444443
2011,1,51809.0,27465.451612903238,53.012903028709651,Nordeste,730720.33194444445
2011,1,12415.0,5992.3870967741941,48.268064560322593,Norte,255263.51527777777
2011,1,200108.0,112249.03225806459,56.094516385483828,Sudeste / Centro-Oeste,2481977.972222222
2011,1,19735.0,14703.677419354824,74.5067741635484,Sul,772821.38888888888
2011,2,51809.0,31494.714285714308,60.792143003928565,Nordeste,606418.20555555553
2011,2,12415.0,8148.9642857142862,65.640000207142791,Norte,215035.60555555555
2011,2,200108.0,130776.10714285707,65.352857044642832,Sudeste / Centro-Oeste,2247658.1166666667
2011,2,19735.0,17476.642857142862,88.556428364285722,Sul,724095.6333333333
2011,3,51809.0,35236.290322580637,68.01161329225809,Nordeste,732999.2625
2011,3,12415.0,12024.225806451606,96.85451655322592,Norte,255840.50277777779
2011,3,200108.0,154055.83870967719,76.986451672257985,Sudeste / Centro-Oeste,2520127.8638888891
2011,3,19735.0,17820.193548387084,90.299354307419364,Sul,788611.62638888892
2011,4,51809.0,43377.733333333337,83.727333323333525,Nordeste,702802.58333333337
2011,4,12415.0,12281.233333333326,98.924666340333332,Norte,246584.16666666666
2011,4,200108.0,172539.93333333306,86.223000590333356,Sudeste / Centro-Oeste,2434380.25
2011,4,19735.0,18080.26666666667,91.616333261999969,Sul,733689.41666666663
2011,5,51809.0,46842.903225806556,90.414839467419384,Nordeste,715823.49722222227
2011,5,12415.0,12335.87096774193,99.363871175483808,Norte,260071.35694444444
2011,5,200117.35483870984,176892.06451612947,88.39387143064522,Sudeste / Centro-Oeste,2461483.3125
2011,5,19735.0,16137.580645161308,81.772580547096837,Sul,752911.85416666663
2011,6,51809.0,45475.833333333387,87.777333323333352,Nordeste,682257.70833333337
2011,6,12415.0,11833.100000000015,95.315333812000091,Norte,259875.29166666666
2011,6,200166.0,173656.16666666677,86.75666631066666,Sudeste / Centro-Oeste,2349890.5833333335
2011,6,19735.0,13052.033333333326,66.136999765333385,Sul,712483.70833333337
2011,7,51809.0,42792.61290322576,82.597420230967529,Nordeste,719810.44166666665
2011,7,12415.0,11400.322580645166,91.828386614193533,Norte,271168.02222222224
2011,7,200166.0,166086.7419354835,82.9745158541937,Sudeste / Centro-Oeste,2433345.4305555555
2011,7,19735.0,17029.935483870966,86.293225440645131,Sul,743717.64166666672
2011,8,51809.0,38658.967741935434,74.61870968741961,Nordeste,739317.19166666665
2011,8,12415.0,10085.096774193553,81.236129760645227,Norte,278160.71805555554
2011,8,200166.0,155209.70967741951,77.540968372258234,Sudeste / Centro-Oeste,2504483.111111111
2011,8,19735.0,18866.322580645145,95.598386949032232,Sul,754097.00138888892
2011,9,51809.0,33803.100000000115,65.245332717333312,Nordeste,716988.04166666663
2011,9,12415.0,7803.7000000000007,62.858999760666705,Norte,272381.58333333331
2011,9,200166.0,139445.56666666662,69.665333303000025,Sudeste / Centro-Oeste,2505853.1666666665
2011,9,19735.0,18737.30000000001,94.945666758333417,Sul,724863.29166666663
2011,10,51809.0,28551.096774193513,55.1087100129032,Nordeste,755535.57361111115
2011,10,12415.0,5698.0967741935519,45.897419221935507,Norte,286160.8277777778
2011,10,200166.0,125700.0,62.79741939419354,Sudeste / Centro-Oeste,2542753.8166666669
2011,10,19735.0,17712.38709677419,89.752580458064514,Sul,744869.80833333335
2011,11,51809.0,24828.700000000004,47.923666764000018,Nordeste,723694.54166666663
2011,11,12415.0,5971.2333333333336,48.098666763333426,Norte,265130.25
2011,11,200166.0,117531.76666666663,58.717333093666639,Sudeste / Centro-Oeste,2443108.8333333335
2011,11,19735.0,16340.53333333332,82.801000468999987,Sul,713817.0
2011,12,51809.0,26046.612903225821,50.274838724838666,Nordeste,762779.24027777778
2011,12,12415.0,6276.0645161290367,50.553225609354847,Norte,279076.68194444443
2011,12,200166.0,116428.54838709669,58.165806432580588,Sudeste / Centro-Oeste,2522198.965277778
2011,12,19735.0,12453.258064516127,63.102580778709594,Sul,777236.60694444447
2012,1,51809.0,33794.612903225832,65.229032085806423,Nordeste,764674.50277777773
2012,1,12415.0,8455.0000000000036,68.104515936128976,Norte,267029.13472222222
2012,1,200166.0,139592.09677419369,69.7383873229033,Sudeste / Centro-Oeste,2464509.3861111109
2012,1,19735.0,11503.774193548383,58.292903162258064,Sul,777635.12916666665
2012,2,51809.0,41440.758620689659,79.98793108655174,Nordeste,682602.48333333328
2012,2,12415.0,12016.482758620687,96.792414434827577,Norte,245380.88194444444
2012,2,200166.0,156538.75862068954,78.205861847586135,Sudeste / Centro-Oeste,2360266.3791666669
2012,2,19735.0,11099.862068965514,56.245172435172449,Sul,782050.81388888892
2012,3,51809.0,43093.483870967713,83.177741512903111,Nordeste,776124.86944444443
2012,3,12415.0,12274.096774193542,98.866451633225878,Norte,275058.9527777778
2012,3,200166.0,157975.32258064469,78.922257946774408,Sudeste / Centro-Oeste,2645167.6125
2012,3,19735.0,8724.9677419354921,44.210967649354828,Sul,858944.5555555555
2012,4,51809.0,42167.366666666705,81.390333811666764,Nordeste,734402.20833333337
2012,4,12415.0,12324.23333333331,99.271333567333187,Norte,258838.0
2012,4,200166.0,154645.93333333341,77.258667247666779,Sudeste / Centro-Oeste,2564043.4166666665
2012,4,19735.0,6219.5666666666657,31.516333326000009,Sul,771309.29166666663
2012,5,51809.0,39060.000000000007,75.392903234838684,Nordeste,777247.5
2012,5,12415.0,12206.54838709676,98.32322569870972,Norte,275704.82916666666
2012,5,200166.0,149589.64516129036,74.733225421935643,Sudeste / Centro-Oeste,2519085.0152777778
2012,5,19735.0,9104.7741935483864,46.135161123225771,Sul,751189.50277777773
2012,6,51809.0,35860.166666666642,69.216666667000069,Nordeste,719349.33333333337
2012,6,12415.0,11986.200000000004,96.548332976333356,Norte,262907.375
2012,6,200166.0,144590.30000000002,72.235333251999933,Sudeste / Centro-Oeste,2444288.9166666665
2012,6,19735.0,12051.533333333329,61.066666539333355,Sul,726639.45833333337
2012,7,51809.0,32697.774193548332,63.112258048709784,Nordeste,737545.4125
2012,7,12415.0,10534.129032258057,84.851613199677374,Norte,272192.74444444443
2012,7,200166.0,139533.41935483876,69.7090331051613,Sudeste / Centro-Oeste,2444513.7402777779
2012,7,19735.0,13477.935483870961,68.295483004516129,Sul,750575.91805555555
2012,8,51809.0,28809.161290322612,55.606451341612939,Nordeste,763088.85277777782
2012,8,14087.774193548374,9945.5161290322685,70.657741792580708,Norte,284701.63194444444
2012,8,200166.0,124970.12903225803,62.4332259390323,Sudeste / Centro-Oeste,2535374.9125
2012,8,19735.0,14186.935483870966,71.8880643538709,Sul,774243.16944444447
2012,9,51809.0,24257.166666666661,46.820999653999984,Nordeste,734172.33333333337
2012,9,14267.0,7808.2999999999947,54.728666560333288,Norte,272099.70833333331
2012,9,200166.0,104772.23333333338,52.34299977633335,Sudeste / Centro-Oeste,2529108.1666666665
2012,9,19735.0,10572.299999999992,53.572333399000016,Sul,743446.5
2012,10,51809.0,19445.709677419334,37.533548417096746,Nordeste,775496.04305555555
2012,10,14267.0,6643.5806451612943,46.564193110322627,Norte,286634.48194444447
2012,10,200166.0,84328.838709677424,42.12903262774195,Sudeste / Centro-Oeste,2615170.4194444446
2012,10,19735.0,7862.3225806451655,39.839999660322583,Sul,756897.24861111108
2012,11,51809.0,17030.933333333356,32.873666508333343,Nordeste,749656.95833333337
2012,11,14267.0,5645.0666666666693,39.565999985333328,Norte,277166.54166666669
2012,11,200166.0,68558.799999999886,34.250999958999913,Sudeste / Centro-Oeste,2607348.5833333335
2012,11,19735.0,8037.9999999999945,40.730333200333348,Sul,766638.375
2012,12,51809.0,17375.258064516158,33.5364518309677,Nordeste,782780.44027777773
2012,12,14267.0,5874.0967741935419,41.171290489677496,Norte,275267.72916666669
2012,12,200432.51612903213,59904.096774193487,29.888387187419372,Sudeste / Centro-Oeste,2579634.9472222221
2012,12,19886.548387096769,6866.4838709677451,34.533548416774231,Sul,818327.58055555553
2013,1,51809.0,15797.129032258081,30.490967596774198,Nordeste,805078.78333333333
2013,1,14267.0,6247.7741935483891,43.790322333871046,Norte,272243.67916666664
2013,1,200625.0,63892.483870967772,31.846774192580675,Sudeste / Centro-Oeste,2640856.6319444445
2013,1,19996.0,9113.516129032254,45.577096630967709,Sul,805232.70694444445
2013,2,51809.0,19975.857142857207,38.556785856071478,Nordeste,706692.97222222225
2013,2,14267.0,9275.78571428573,65.012856755714324,Norte,234181.22777777776
2013,2,200625.0,85630.321428571377,42.682142666785708,Sudeste / Centro-Oeste,2344541.3444444444
2013,2,19996.0,8250.14285714286,41.259285517499961,Sul,760907.97222222225
2013,3,51809.0,21676.225806451614,41.839354484838765,Nordeste,809652.87638888892
2013,3,14267.0,12158.225806451612,85.216452321935449,Norte,269148.5875
2013,3,200625.0,98464.93548387081,49.079677582580693,Sudeste / Centro-Oeste,2616118.6319444445
2013,3,19996.0,9786.064516129034,48.940322383548363,Sul,825050.74861111108
2013,4,51809.0,23636.233333333348,45.6223333993334,Nordeste,801317.125
2013,4,14267.0,13607.199999999984,95.3716662086667,Norte,271606.45833333331
2013,4,200625.0,119072.40000000002,59.350666554666617,Sudeste / Centro-Oeste,2549001.3333333335
2013,4,19996.0,12686.133333333344,63.444000752333409,Sul,763111.0
2013,5,51809.0,25332.903225806462,48.897096571935435,Nordeste,804033.6958333333
2013,5,14267.0,13663.709677419352,95.7680644370968,Norte,280839.67777777778
2013,5,200625.0,125237.45161290339,62.423225649032346,Sudeste / Centro-Oeste,2614308.8777777776
2013,5,19996.0,11020.387096774195,55.114515981290339,Sul,795002.6638888889
2013,6,51809.0,24647.300000000003,47.573666636000006,Nordeste,745367.95833333337
2013,6,14267.0,13340.466666666673,93.5023335779999,Norte,272315.91666666669
2013,6,200625.0,127750.56666666664,63.676333491333345,Sudeste / Centro-Oeste,2493298.0833333335
2013,6,19996.0,13347.60000000002,66.751667022333308,Sul,754361.75
2013,7,51809.0,22798.516129032214,44.005806707419282,Nordeste,787670.8625
2013,7,14741.387096774213,13260.741935483884,90.009354375806268,Norte,293815.54583333334
2013,7,200625.0,125512.80645161262,62.560322176774207,Sudeste / Centro-Oeste,2547031.3430555556
2013,7,19996.0,17222.225806451592,86.1280645558065,Sul,784725.94861111115
2013,8,51809.0,20179.935483870977,38.951935182258048,Nordeste,793044.2819444444
2013,8,15041.0,11736.774193548386,78.032580467741866,Norte,293364.92638888891
2013,8,200625.0,116733.3870967742,58.185806396774169,Sudeste / Centro-Oeste,2615434.3930555554
2013,8,19996.0,18340.612903225803,91.721290341935486,Sul,815558.89305555553
2013,9,51809.0,17322.666666666653,33.435332997333354,Nordeste,765264.41666666663
2013,9,15041.0,9388.83333333332,62.422000631333461,Norte,286303.25
2013,9,200625.0,103616.96666666667,51.647333272666728,Sudeste / Centro-Oeste,2556636.25
2013,9,19996.0,17741.666666666657,88.726999918333362,Sul,762505.83333333337
2013,10,51809.0,14197.129032258063,27.402580630322532,Nordeste,830209.57916666672
2013,10,15041.0,6514.2580645161361,43.310645318709753,Norte,313000.19722222222
2013,10,200625.0,94824.774193548408,47.265161206451587,Sudeste / Centro-Oeste,2686111.8527777777
2013,10,20053.032258064512,19021.129032258068,94.8596772225806,Sul,797678.13611111115
2013,11,51809.0,11978.133333333326,23.119000053666653,Nordeste,795990.66666666663
2013,11,15041.0,5204.0000000000027,34.599666722333374,Norte,293755.25
2013,11,200625.0,86185.133333333346,42.958333206666744,Sudeste / Centro-Oeste,2654161.3333333335
2013,11,20100.0,16628.666666666668,82.730999756333361,Sul,794863.25
2013,12,51809.0,13456.612903225838,25.973870923225775,Nordeste,818611.4458333333
2013,12,15041.0,5465.1290322580671,36.335483919999959,Norte,313848.99444444443
2013,12,200625.0,84619.129032258032,42.177742127741929,Sudeste / Centro-Oeste,2697314.2625
2013,12,20100.0,13164.6129032258,65.49677436612896,Sul,830195.1555555556
2014,1,51809.0,20556.451612903253,39.677419354838662,Nordeste,839699.62638888892
2014,1,15041.0,8105.903225806449,53.892903358064537,Norte,296103.81944444444
2014,1,200625.0,83909.709677419218,41.824515926451554,Sudeste / Centro-Oeste,2732435.8416666668
2014,1,20100.0,12208.999999999978,60.743225958709722,Sul,888701.8
2014,2,51809.0,21726.60714285713,41.935714039285706,Nordeste,730779.31111111108
2014,2,15041.0,10838.32142857142,72.0585712696428,Norte,256483.96666666667
2014,2,200625.0,73484.071428571478,36.627857072499928,Sudeste / Centro-Oeste,2593589.4833333334
2014,2,20100.0,8970.1428571428569,44.627499852142904,Sul,882522.35555555555
2014,3,51809.0,21503.935483871021,41.505806338387153,Nordeste,835929.12222222227
2014,3,15041.0,12449.580645161281,82.772257404516125,Norte,297511.00416666665
2014,3,200625.0,71303.258064516078,35.5403224574194,Sudeste / Centro-Oeste,2747712.2972222222
2014,3,20100.0,8401.6774193548354,41.799999975161263,Sul,881111.3208333333
2014,4,51809.0,22081.266666666663,42.621000036000034,Nordeste,790613.0
2014,4,15041.0,13137.666666666657,87.3473332716667,Norte,287467.04166666669
2014,4,200625.0,74638.96666666666,37.202666600333366,Sudeste / Centro-Oeste,2620476.5833333335
2014,4,20100.0,8962.600000000004,44.590999729666628,Sul,817779.04166666663
2014,5,51809.0,21720.064516129063,41.9232256483872,Nordeste,818746.59722222225
2014,5,15041.0,13739.451612903198,91.347419246451537,Norte,309965.25416666665
2014,5,201940.16129032266,75984.8709677419,37.628709607419346,Sudeste / Centro-Oeste,2667064.8930555554
2014,5,20100.0,9853.93548387097,49.025483777096838,Sul,818804.7652777778
2014,6,51809.0,19753.666666666664,38.128999964333339,Nordeste,757871.79166666663
2014,6,15041.0,13816.233333333315,91.857333883000067,Norte,293672.0
2014,6,203343.0,75253.700000000055,37.008333206333234,Sudeste / Centro-Oeste,2479092.3333333335
2014,6,20100.0,16314.866666666665,81.168999481000029,Sul,771943.91666666663
2014,7,51809.0,17475.193548387106,33.729999911290307,Nordeste,802825.85833333328
2014,7,15041.0,13364.580645161284,88.854194149354981,Norte,324940.79444444447
2014,7,203343.0,71561.516129032185,35.192903210645063,Sudeste / Centro-Oeste,2544619.5
2014,7,20100.0,19020.806451612872,94.632580911290276,Sul,798705.4847222222
2014,8,51809.0,15067.129032258066,29.081935513225783,Nordeste,813553.70972222218
2014,8,15041.0,11412.548387096806,75.876774941935579,Norte,304082.61666666664
2014,8,203343.0,66164.483870967611,32.539032167419357,Sudeste / Centro-Oeste,2600622.8944444442
2014,8,20100.0,16498.516129032272,82.082902970645065,Sul,826601.99722222227
2014,9,51809.0,12343.699999999984,23.825000191333334,Nordeste,796848.95833333337
2014,9,15041.0,7891.2666666666773,52.46566670699999,Norte,316726.125
2014,9,203343.0,55962.700000000004,27.521666589666651,Sudeste / Centro-Oeste,2545700.5
2014,9,20100.0,14368.833333333341,71.487334188666722,Sul,789404.16666666663
2014,10,51809.0,9238.29032258065,17.830967718709669,Nordeste,849123.1958333333
2014,10,15041.0,5613.967741935493,37.3248390690322,Norte,326275.21527777775
2014,10,203343.0,44958.032258064486,22.109677406129038,Sudeste / Centro-Oeste,2747667.3902777778
2014,10,20100.0,17824.903225806462,88.682903659677478,Sul,832830.4138888889
2014,11,51809.0,6799.5666666666757,13.124333413666678,Nordeste,821527.79166666663
2014,11,15041.0,4532.9333333333243,30.137333425666675,Norte,308341.54166666669
2014,11,203343.0,33694.433333333334,16.570333290666678,Sudeste / Centro-Oeste,2717458.875
2014,11,20100.0,15145.133333333333,75.3493331916667,Sul,848275.16666666663
2014,12,51809.0,7676.22580645162,14.816128977096774,Nordeste,843211.2375
2014,12,15041.0,4334.5806451612907,28.819354949032263,Norte,324296.6402777778
2014,12,203343.0,34970.709677419429,17.198387084838735,Sudeste / Centro-Oeste,2678473.7111111111
2014,12,20100.0,10862.032258064512,54.040644860645159,Sul,881111.96666666667
2015,1,51809.0,8824.5161290322449,17.032903179354836,Nordeste,849865.775
2015,1,15041.0,5209.9354838709614,34.638709283548309,Norte,311591.80694444443
2015,1,203343.0,37535.90322580644,18.458709655161304,Sudeste / Centro-Oeste,2794250.1861111112
2015,1,20100.0,13358.870967741932,66.461935597096812,Sul,889914.50277777773
2015,2,51809.0,8421.0000000000127,16.253214188214287,Nordeste,745048.3444444444
2015,2,15041.0,5396.14285714285,35.876428195357157,Norte,267028.33888888889
2015,2,203343.0,37589.464285714239,18.486071518214331,Sudeste / Centro-Oeste,2519050.722222222
2015,2,20100.0,10556.892857142859,52.522500175000033,Sul,842084.01666666672
2015,3,51809.0,10401.967741935474,20.077741930645185,Nordeste,839284.44166666665
2015,3,15041.0,7158.419354838712,47.592903260322664,Norte,310127.18611111114
2015,3,203343.0,49093.032258064559,24.142903297741885,Sudeste / Centro-Oeste,2676603.076388889
2015,3,20100.0,9157.12903225806,45.559354842903218,Sul,881534.9875
2015,4,51809.0,13274.166666666666,25.62133337566662,Nordeste,796193.16666666663
2015,4,15041.0,11268.633333333333,74.919333140333364,Norte,293735.75
2015,4,203343.0,63963.333333333358,31.455666732999983,Sudeste / Centro-Oeste,2597965.5416666665
2015,4,20100.0,7435.06666666666,36.991000238999995,Sul,846794.54166666663
2015,5,51809.0,13751.967741935485,26.543870988709667,Nordeste,823305.87916666665
2015,5,15041.0,12203.193548387109,81.134515577741851,Norte,310256.1375
2015,5,203343.0,71455.5483870968,35.139354829032236,Sudeste / Centro-Oeste,2575503.465277778
2015,5,20100.0,6569.9677419354884,32.686774222903253,Sul,804611.02777777775
2015,6,51809.0,13237.966666666662,25.55166670566669,Nordeste,771089.375
2015,6,15041.0,12107.433333333342,80.49599965366663,Norte,298300.83333333331
2015,6,203343.0,73858.0000000001,36.322666931666689,Sudeste / Centro-Oeste,2421653.7083333335
2015,6,20100.0,9955.4666666666562,49.530999883666667,Sul,765884.75
2015,7,51809.0,12024.870967741936,23.209354892580638,Nordeste,763639.61944444443
2015,7,15041.0,11666.290322580633,77.564193480322487,Norte,325087.78611111111
2015,7,203343.0,75026.612903225672,36.896451519032247,Sudeste / Centro-Oeste,2477533.8208333333
2015,7,20100.0,16710.451612903231,83.137419176774088,Sul,777695.92361111112
2015,8,51809.0,10243.451612903233,19.771935555161306,Nordeste,776966.3902777778
2015,8,15041.0,10421.064516129049,69.284838768387019,Norte,332166.42083333334
2015,8,203343.0,73213.580645161172,36.004838759677334,Sudeste / Centro-Oeste,2558218.5111111109
2015,8,20100.0,17701.6451612903,88.069033223548445,Sul,800587.44305555557
2015,9,51809.0,8025.9666666666626,15.491666730333337,Nordeste,761593.08333333337
2015,9,15041.0,7357.9666666666708,48.9206665033333,Norte,331319.54166666669
2015,9,203343.0,67992.66666666673,33.436333083333345,Sudeste / Centro-Oeste,2478634.25
2015,9,20100.0,14661.200000000003,72.941666412333262,Sul,756659.25
2015,10,51809.0,5523.9677419354821,10.662258149032271,Nordeste,817800.5375
2015,10,15041.0,4509.3548387096762,29.981290448064534,Norte,353380.49583333335
2015,10,203343.0,60733.483870967764,29.867096747096788,Sudeste / Centro-Oeste,2693898.0625
2015,10,20100.0,17782.225806451614,88.470645043225858,Sul,791588.01388888888
2015,11,51809.0,3106.9666666666658,5.99766664566667,Nordeste,796054.83333333337
2015,11,15041.0,3195.1333333333364,21.243333371666655,Norte,331275.0
2015,11,203343.0,55745.133333333331,27.41400000299997,Sudeste / Centro-Oeste,2606093.9583333335
2015,11,20100.0,19506.333333333321,97.047333271999975,Sul,773106.75
2015,12,51809.0,2464.6451612903247,4.7577419287096809,Nordeste,842231.46527777775
2015,12,15041.0,2480.7741935483846,16.493225774193576,Norte,341131.3625
2015,12,203343.0,58376.387096774175,28.708064663548395,Sudeste / Centro-Oeste,2617828.5833333335
2015,12,20100.0,19620.580645161284,97.615483684193535,Sul,798340.76111111115
2016,1,51809.0,4184.1290322580653,8.0758063858064482,Nordeste,808495.4138888889
2016,1,15041.0,2870.1290322580694,19.082258132580659,Norte,312532.2263888889
2016,1,203343.0,73432.0645161291,36.112257741935515,Sudeste / Centro-Oeste,2598767.7166666668
2016,1,20100.0,19174.032258064522,95.3948386412904,Sul,846396.6166666667
2016,2,51809.0,13726.379310344848,26.495517204482773,Nordeste,725526.75277777773
2016,2,15041.0,5964.2068965517237,39.653103006551767,Norte,289910.01944444445
2016,2,203343.0,97939.793103448275,48.165172708965542,Sudeste / Centro-Oeste,2443556.5541666667
2016,2,20100.0,19343.551724137928,96.23793108724135,Sul,839037.94861111115
2016,3,51809.0,17108.741935483893,33.022580730967725,Nordeste,837913.89722222218
2016,3,15041.0,7609.9354838709651,50.595161192258104,Norte,325045.72083333333
2016,3,203343.0,112250.19354838705,55.202580605483881,Sudeste / Centro-Oeste,2632549.0194444442
2016,3,20100.0,19483.354838709678,96.933225569354761,Sul,873981.62222222227
2016,4,51809.0,17540.933333333305,33.857999546666633,Nordeste,789023.91666666663
2016,4,15041.0,9427.0999999999967,62.676666768000011,Norte,301372.29166666669
2016,4,203343.0,118440.59999999985,58.24666671733339,Sudeste / Centro-Oeste,2671737.3333333335
2016,4,20100.0,18363.966666666653,91.364000193666641,Sul,851690.5
2016,5,51809.0,16177.258064516127,31.225161213870948,Nordeste,826984.54583333328
2016,5,15041.0,9626.7741935484173,64.004193830322578,Norte,325319.8125
2016,5,203343.0,116031.83870967735,57.061935301612905,Sudeste / Centro-Oeste,2581699.1166666667
2016,5,20100.0,17533.612903225818,87.232580614838781,Sul,820851.54027777782
2016,6,51809.0,14645.933333333314,28.268666585000013,Nordeste,784931.5
2016,6,15041.0,9189.7666666666646,61.099000295333326,Norte,311917.54166666669
2016,6,203343.0,115400.73333333348,56.751333491333355,Sudeste / Centro-Oeste,2407048.7083333335
2016,6,20100.0,18187.199999999983,90.484333038666634,Sul,764638.95833333337
2016,7,51809.0,12854.354838709653,24.811290248064505,Nordeste,789822.95138888888
2016,7,15041.0,8615.096774193551,57.27774220096773,Norte,330495.90833333333
2016,7,203343.0,109631.70967741932,53.915161502580631,Sudeste / Centro-Oeste,2448596.7416666667
2016,7,20100.0,17802.774193548379,88.57354785580651,Sul,789964.776388889
2016,8,51809.0,10852.419354838708,20.947096854516133,Nordeste,798200.22777777782
2016,8,15041.0,7615.9032258064517,50.6338710167742,Norte,334857.00555555557
2016,8,203343.0,98463.096774193531,48.422580472903256,Sudeste / Centro-Oeste,2488203.6333333333
2016,8,20100.0,17029.612903225829,84.725160906774164,Sul,778333.6625
2016,9,51809.0,8585.4666666666562,16.571333472000049,Nordeste,786038.70833333337
2016,9,15041.0,6551.4999999999964,43.558000055333352,Norte,321407.875
2016,9,203343.0,88163.466666666718,43.357000096333316,Sudeste / Centro-Oeste,2480225.6666666665
2016,9,20100.0,18008.666666666672,89.596667479999951,Sul,749191.20833333337
2016,10,51809.0,6513.25806451613,12.571612942258064,Nordeste,819495.54861111112
2016,10,15041.0,5208.1935483870911,34.626129273225864,Norte,334877.15555555554
2016,10,203343.0,75413.645161290231,37.087096921612883,Sudeste / Centro-Oeste,2547345.4333333331
2016,10,20100.0,15491.612903225816,77.074193646451576,Sul,756524.4305555555
2016,11,51809.0,4959.2000000000089,9.5713334086666677,Nordeste,809581.70833333337
2016,11,15041.0,3874.3333333333376,25.757666715999992,Norte,324568.54166666669
2016,11,203343.0,68897.999999999942,33.882334009666685,Sudeste / Centro-Oeste,2482696.2916666665
2016,11,20100.0,16080.500000000011,80.004332988000058,Sul,758131.375
2016,12,51809.0,6757.2258064516154,13.043225841935477,Nordeste,843649.54305555555
2016,12,15041.0,2846.3870967741918,18.924838835161275,Norte,326523.3875
2016,12,203343.0,68154.161290322721,33.516129155161281,Sudeste / Centro-Oeste,2545489.5236111111
2016,12,20100.0,12706.193548387106,63.216773986774136,Sul,814828.88611111115
2017,1,51809.0,8716.419354838692,16.822580644516155,Nordeste,816950.79305555555
2017,1,15041.0,3179.0000000000027,21.135483832903198,Norte,308863.54861111112
2017,1,203343.0,69836.612903225847,34.343871331612846,Sudeste / Centro-Oeste,2603569.1
2017,1,20100.0,13211.387096774204,65.729354612903251,Sul,861045.8819444445
2017,2,51809.0,9760.7500000000073,18.839999880714331,Nordeste,699529.56111111108
2017,2,15041.0,4890.8214285714312,32.516428742857151,Norte,258372.37222222221
2017,2,203343.0,80383.464285714261,39.530714307499991,Sudeste / Centro-Oeste,2324939.9833333334
2017,2,20100.0,11209.392857142851,55.768928392142861,Sul,796625.82222222222
2017,3,51809.0,11020.354838709689,21.271290441290308,Nordeste,823894.5777777778
2017,3,15041.0,8998.3225806451519,59.82612880580642,Norte,310722.90277777775
2017,3,203343.0,83858.096774193691,41.239999832580629,Sudeste / Centro-Oeste,2664143.4444444445
2017,3,20100.0,9700.0645161290286,48.259677517419362,Sul,917257.01944444445
2017,4,51809.0,11310.466666666669,21.831000073666669,Nordeste,773657.41666666663
2017,4,15041.0,9800.866666666665,65.161667124333249,Norte,294062.16666666669
2017,4,203343.0,84446.4333333333,41.529000092333305,Sudeste / Centro-Oeste,2529975.9166666665
2017,4,20100.0,8183.6999999999907,40.714333088666656,Sul,815750.83333333337
2017,5,51809.0,10595.419354838692,20.450967850645128,Nordeste,813266.4
2017,5,15041.0,9902.1612903225887,65.83548367354831,Norte,327923.38194444444
2017,5,203343.0,85763.161290322692,42.176451651935508,Sudeste / Centro-Oeste,2502086.5958333332
2017,5,20100.0,9838.5161290322631,48.948064495483905,Sul,769831.0944444444
2017,6,51809.0,9667.3000000000138,18.659666633333359,Nordeste,775157.0
2017,6,15041.0,9752.5333333333474,64.840333557,Norte,313784.70833333331
2017,6,203343.0,87199.133333333259,42.882666905000129,Sudeste / Centro-Oeste,2405769.25
2017,6,20100.0,18356.366666666661,91.326333108666574,Sul,759456.20833333337
2017,7,51809.0,8429.5161290322958,16.269999904193551,Nordeste,771181.4458333333
2017,7,15041.0,9360.9354838709587,62.235483600000009,Norte,320235.8125
2017,7,203343.0,82202.354838709711,40.425483950322658,Sudeste / Centro-Oeste,2425923.1263888888
2017,7,20100.0,16415.7741935484,81.671935296774222,Sul,776692.55694444443
2017,8,51809.0,7051.9999999999982,13.611612998064487,Nordeste,785053.7736111111
2017,8,15041.0,8374.9999999999854,55.682580640645114,Norte,341019.59027777775
2017,8,203343.0,71411.645161290187,35.119355110000029,Sudeste / Centro-Oeste,2432252.5513888891
2017,8,20100.0,12493.419354838716,62.157096493548444,Sul,788758.79027777782
2017,9,51809.0,5539.1666666666688,10.691333260666658,Nordeste,762972.0
2017,9,15041.0,6505.5666666666593,43.253000132333355,Norte,325912.08333333331
2017,9,203343.0,58140.100000000028,28.591999881000007,Sudeste / Centro-Oeste,2482721.0833333335
2017,9,20100.0,9127.6333333333369,45.411666615666711,Sul,776339.54166666663
2017,10,51809.0,3911.4193548387038,7.5496774022580642,Nordeste,833281.11944444443
2017,10,15041.0,3902.5806451612939,25.946128907096732,Norte,341587.45
2017,10,203343.0,41542.354838709711,20.429355006128993,Sudeste / Centro-Oeste,2569421.1361111109
2017,10,20100.0,8249.7419354838712,41.044193145483916,Sul,790845.00416666665
2017,11,51809.0,2654.0666666666662,5.1226666616666545,Nordeste,812345.95833333337
2017,11,15041.0,2788.899999999996,18.542000008000041,Norte,322111.375
2017,11,203343.0,36730.666666666693,18.064333279333304,Sudeste / Centro-Oeste,2535586.75
2017,11,20100.0,11575.0,57.587333425666692,Sul,771535.91666666663
2017,12,51831.0,4674.93548387097,9.0203225693548319,Nordeste,839489.4291666667
2017,12,15046.0,2733.1290322580649,18.165161162903242,Norte,325946.0125
2017,12,203285.0,41714.096774193538,20.519677438709664,Sudeste / Centro-Oeste,2579893.7111111111
2017,12,20100.0,10909.935483870981,54.279032061290316,Sul,825413.70694444445
2018,1,51602.0703125,8016.7148595016124,15.535642008064507,Nordeste,799911.04027777782
2018,1,15164.88671875,4081.5276036422606,26.914332235806469,Norte,311343.97916666669
2018,1,202691.9375,57209.958543346795,28.22508719677424,Sudeste / Centro-Oeste,2612003.1236111112
2018,1,19415.9609375,13168.216135333558,67.821603345161279,Sul,873589.17083333328
2018,2,51602.0703125,10860.900913785361,21.047414166785707,Nordeste,686631.9055555556
2018,2,15164.88671875,7821.8180977967831,51.578478539999992,Norte,266041.10555555555
2018,2,202691.9375,69664.154436383964,34.369475161785765,Sudeste / Centro-Oeste,2328878.7666666666
2018,2,19415.9609375,15516.985386441793,79.9187139785714,Sul,797089.9611111111
2018,3,51602.0703125,16237.526335687418,31.466816256451608,Nordeste,783198.63888888888
2018,3,15164.88671875,9699.4327431970887,63.959803305161266,Norte,317687.95694444445
2018,3,202691.9375,80577.460685483922,39.753661125483873,Sudeste / Centro-Oeste,2710539.1208333331
2018,3,19415.9609375,12980.547977572915,66.855041996128975,Sul,896902.20416666672
2018,4,51602.0703125,20143.4365234403,39.036103313000055,Nordeste,767079.0
2018,4,15164.88671875,10248.135026042992,67.57805379233335,Norte,292158.375
2018,4,202691.9375,88750.389062499933,43.785860061666654,Sudeste / Centro-Oeste,2624795.9166666665
2018,4,19415.9609375,13309.195735678328,68.547716268333318,Sul,840192.66666666663
2018,5,51602.0703125,20725.117502522917,40.163341646129069,Nordeste,789673.59166666667
2018,5,15164.88671875,10623.977665071308,70.05642921677422,Norte,302907.84583333333
2018,5,202691.9375,87345.2613407258,43.092619496451626,Sudeste / Centro-Oeste,2590084.4875
2018,5,19415.9609375,10790.599735384505,55.575935362903223,Sul,833756.02222222218
2018,6,51602.0703125,19766.765690106651,38.306150182333347,Nordeste,757815.33333333337
2018,6,15164.88671875,10720.273795574332,70.691416675666716,Norte,284665.54166666669
2018,6,202691.9375,83757.288281249886,41.322446569000036,Sudeste / Centro-Oeste,2427024.0
2018,6,19415.9609375,9622.6584960949913,49.560563277666667,Sul,767870.5
2018,7,51602.0703125,18567.580645163842,35.9822323712903,Nordeste,768495.425
2018,7,15164.88671875,10521.660723286768,69.381725927419325,Norte,301387.6402777778
2018,7,202691.9375,75139.914062499825,37.07099360870972,Sudeste / Centro-Oeste,2515224.611111111
2018,7,19415.9609375,10286.651304184841,52.980386919032256,Sul,804692.0152777778
2018,8,51602.0703125,17095.429246473235,33.129344940645133,Nordeste,790767.6333333333
2018,8,15164.88671875,9157.2215221793613,60.384368035806496,Norte,306517.45138888888
2018,8,202691.9375,63494.001890120977,31.325364635161286,Sudeste / Centro-Oeste,2539554.1
2018,8,19415.9609375,8236.8365517909642,42.423016210322615,Sul,815418.5319444444
2018,9,51602.0703125,15466.652278647323,29.972940126333356,Nordeste,763180.54166666663
2018,9,15164.88671875,7331.4597005220039,48.344966634999963,Norte,296519.70833333331
2018,9,202691.9375,51353.782031250012,25.335880089,Sudeste / Centro-Oeste,2499334.8333333335
2018,9,19415.9609375,9893.224902345,50.954082997666696,Sul,772405.79166666663
2018,10,51602.0703125,13755.936586442567,26.657732194193578,Nordeste,837832.22083333333
2018,10,15164.88671875,4990.3225255174157,32.907087202580684,Norte,323514.75138888886
2018,10,202691.9375,42818.879788306491,21.125106503548416,Sudeste / Centro-Oeste,2652577.9902777779
2018,10,19415.9609375,11555.752016130318,59.5167652251613,Sul,808625.5708333333
2018,11,51602.0703125,13669.668977865684,26.490539995666683,Nordeste,828015.91666666663
2018,11,15164.88671875,3553.9514811203312,23.435396765999958,Norte,301371.41666666669
2018,11,202691.9375,42744.704166666685,21.088510067999998,Sudeste / Centro-Oeste,2558620.5
2018,11,19415.9609375,14968.318131511332,77.092863464666721,Sul,795818.625
2018,12,51602.0703125,18301.67508820775,35.46694238741933,Nordeste,811989.88888888888
2018,12,15164.88671875,4053.0792039445141,26.726735391935488,Norte,292303.99444444443
2018,12,202691.9375,53073.601436492027,26.184361304193548,Sudeste / Centro-Oeste,2639638.375
2018,12,19415.9609375,12221.252173640005,62.944348489354873,Sul,842843.62916666665
2019,1,51602.0703125,21433.273941534531,41.535686861935474,Nordeste,824037.60833333328
2019,1,15164.88671875,4265.4339008948355,28.127045047419355,Norte,288448.19722222222
2019,1,202691.9375,56546.956275201643,27.89797727548391,Sudeste / Centro-Oeste,2744840.75
2019,1,19415.9609375,10130.889238912911,52.178145254838732,Sul,928273.5152777778
2019,2,51602.0703125,22150.46930803857,42.925535610000018,Nordeste,731550.6722222222
2019,2,15164.88671875,5610.4206542975,36.996125017500006,Norte,248360.50555555554
2019,2,202691.9375,55051.723493303507,27.16028547321428,Sudeste / Centro-Oeste,2463053.1333333333
2019,2,19519.05078125,7734.9907400957127,39.6269858221429,Sul,856241.32222222222
2019,3,51602.0703125,25286.533644155104,49.002954790000025,Nordeste,836502.4930555555
2019,3,15164.88671875,9182.4815240683984,60.550935315483912,Norte,293423.22361111111
2019,3,202691.9375,71944.082157258,35.494296843225747,Sudeste / Centro-Oeste,2703327.659722222
2019,3,19897.046875,8853.0564831161209,44.49431942354839,Sul,894543.53472222225
2019,4,51602.0703125,28886.60579427264,55.979536819666649,Nordeste,776670.70833333337
2019,4,15164.88671875,10466.444335937644,69.01761983233331,Norte,282379.16666666669
2019,4,202691.9375,86340.914583333375,42.597120030666645,Sudeste / Centro-Oeste,2516627.4583333335
2019,4,19897.046875,8521.4852864599852,42.827889760999987,Sul,828736.20833333337
2019,5,51602.0703125,29986.296496978077,58.110638649354883,Nordeste,835749.5375
2019,5,15164.88671875,10974.452242944832,72.367516302580682,Norte,304233.95694444445
2019,5,202691.9375,93919.078377016369,46.335874126451628,Sudeste / Centro-Oeste,2651661.5958333332
2019,5,19897.046875,10517.31914692678,52.858700044838713,Sul,842826.4930555555
2019,6,51602.0703125,29268.723372398374,56.720053101333406,Nordeste,759614.08333333337
2019,6,15164.88671875,11167.976725261347,73.643656921999963,Norte,296821.58333333331
2019,6,202691.9375,96595.675520833451,47.656399917666604,Sudeste / Centro-Oeste,2413828.25
2019,6,19897.046875,17302.315852867334,86.959213257333388,Sul,778266.54166666663
2019,7,51602.0703125,27885.674395164529,54.039835284516236,Nordeste,787758.2652777778
2019,7,15164.88671875,11017.264963459367,72.649826049354886,Norte,317214.77638888889
2019,7,202691.9375,93864.164062500015,46.308774148387073,Sudeste / Centro-Oeste,2454077.4125
2019,7,19897.046875,16815.400957663544,84.512045090645046,Sul,804518.54444444447
2019,8,51602.0703125,26107.094128026754,50.593106424516186,Nordeste,772882.44166666665
2019,8,15164.88671875,10486.705771170644,69.151222229354715,Norte,323195.40833333333
2019,8,202691.9375,85824.605846774226,42.342387169354836,Sudeste / Centro-Oeste,2485781.8444444444
2019,8,19897.046875,12804.157636090313,64.3520512732258,Sul,815168.80972222227
2019,9,51602.0703125,23829.140039064696,46.178650156999879,Nordeste,762991.875
2019,9,15164.88671875,8710.1609049490053,57.436362965666618,Norte,321181.125
2019,9,202691.9375,71255.354557291561,35.154506556000022,Sudeste / Centro-Oeste,2484998.375
2019,9,19897.046875,9140.1552734393372,45.937246703666723,Sul,775414.33333333337
2019,10,51602.0703125,21255.563886090968,41.191303129677458,Nordeste,847936.713888889
2019,10,15164.88671875,5972.2700825351631,39.382222575483951,Norte,332516.85
2019,10,202861.31955645178,53714.416960685427,26.481267805483849,Sudeste / Centro-Oeste,2676986.0986111113
2019,10,19897.046875,8031.3710779996809,40.364632145483874,Sul,835456.84583333333
2019,11,51602.0703125,18426.878059897652,35.709576670666564,Nordeste,844650.125
2019,11,15164.88671875,3800.7501220699937,25.062833277666627,Norte,317945.20833333331
2019,11,203567.078125,41327.836718750033,20.301830228333319,Sudeste / Centro-Oeste,2647225.7083333335
2019,11,19897.046875,8206.3665364596745,41.244149907333309,Sul,832284.16666666663
2019,12,51602.0703125,18265.391507059361,35.3966320403226,Nordeste,897678.625
2019,12,15164.88671875,2606.6153761345154,17.188493575161328,Norte,334787.12638888886
2019,12,203567.078125,39617.722656250029,19.461764489354842,Sudeste / Centro-Oeste,2593517.4791666665
2019,12,19897.046875,6098.978137601609,30.652687379354845,Sul,861145.34027777775
2020,1,51602.0703125,20514.3623991955,39.754916160322495,Nordeste,841982.56111111108
2020,1,15164.88671875,2595.3578314012948,17.114261227096787,Norte,320773.10277777776
2020,1,202691.9375,43672.99357358869,21.546483686451616,Sudeste / Centro-Oeste,2646330.7583333333
2020,1,19897.046875,5411.5276115170918,27.197641864838722,Sul,921994.55138888885
2020,2,51602.0703125,27108.632543105898,52.534000002413862,Nordeste,752118.14166666672
2020,2,15164.88671875,4916.8442466999986,32.422555331034445,Norte,296324.09444444446
2020,2,202691.9375,64905.244342672442,32.021624202758645,Sudeste / Centro-Oeste,2460502.4222222222
2020,2,19897.046875,4267.6662008348248,21.448744804827577,Sul,877502.38055555557
2020,3,51602.0703125,36053.793472782811,69.868890455161264,Nordeste,821703.2652777778
2020,3,15164.88671875,9639.4412329900188,63.564212675806374,Norte,315571.17361111112
2020,3,202691.9375,94804.260332661128,46.772583869677376,Sudeste / Centro-Oeste,2650402.0055555557
2020,3,19897.046875,3734.581133442904,18.769525712258098,Sul,914344.44027777773
2020,4,51602.0703125,44070.498046875007,85.404513550333235,Nordeste,736980.41666666663
2020,4,15164.88671875,11510.314127606016,75.901089732333375,Norte,285829.95833333331
2020,4,202691.9375,108332.38177083342,53.446813202666661,Sudeste / Centro-Oeste,2332713.7083333335
2020,4,19897.046875,3256.9711914070012,16.369120058000011,Sul,790947.54166666663
2020,5,51602.0703125,46989.644027217757,91.061544849677389,Nordeste,754406.44166666665
2020,5,15164.88671875,12357.43041204807,81.4871260119355,Norte,296944.13472222222
2020,5,202691.9375,111487.77142137091,55.0035549283871,Sudeste / Centro-Oeste,2315192.8486111113
2020,5,19897.046875,2984.6373566658076,15.000409679999992,Sul,763272.0541666667
2020,6,51602.0703125,46641.2772135416,90.386447397999987,Nordeste,713102.5
2020,6,15164.88671875,12640.738899740343,83.355313110999887,Norte,292848.79166666669
2020,6,202691.9375,109743.11197916657,54.14280700666658,Sudeste / Centro-Oeste,2214407.25
2020,6,19897.046875,5560.6115804036626,27.946926499333333,Sul,724405.875
2020,7,51602.0703125,43922.748109879125,85.1181903974194,Nordeste,767035.0236111111
2020,7,15164.88671875,12556.660439769348,82.800893475806632,Norte,324339.05
2020,7,203262.00504032287,103031.31123991933,50.691193611290323,Sudeste / Centro-Oeste,2407985.8805555557
2020,7,19897.046875,10994.474451866443,55.256819079032276,Sul,790819.64444444445
2020,8,51602.0703125,40821.169480846831,79.1076224558066,Nordeste,765836.7875
2020,8,15164.88671875,11346.249086443549,74.8192099296774,Norte,339121.65833333333
2020,8,203567.078125,91466.262600806454,44.93176134193552,Sudeste / Centro-Oeste,2532134.2069444442
2020,8,19897.046875,11683.769594254196,58.721119541290342,Sul,802450.7583333333
2020,9,51602.0703125,36672.911979166631,71.0686902366668,Nordeste,776417.875
2020,9,15164.88671875,8999.41199544334,59.343749744999961,Norte,335081.45833333331
2020,9,203567.078125,76883.681770833267,37.768243407999982,Sudeste / Centro-Oeste,2522720.4583333335
2020,9,19897.046875,10472.577832032663,52.633823521333355,Sul,792266.91666666663
2020,10,51602.0703125,31298.828566030639,60.654212705161186,Nordeste,865015.64722222218
2020,10,15164.88671875,5866.1825541841863,38.682674284838761,Norte,353027.31111111114
2020,10,203567.078125,56278.2132056452,27.646029010645162,Sudeste / Centro-Oeste,2809561.7319444446
2020,10,19897.046875,6118.0133096025775,30.748351496451619,Sul,845291.036111111
2020,11,51602.0703125,27889.856835940984,54.047937011666683,Nordeste,797138.20833333337
2020,11,15164.88671875,4346.35382486967,28.660643259000015,Norte,325368.29166666669
2020,11,203567.078125,42067.166276041593,20.665010007333294,Sudeste / Centro-Oeste,2586868.3333333335
2020,11,19897.046875,4217.1253255209949,21.194726626333342,Sul,831573.54166666663
2020,12,51602.0703125,25143.415889619046,48.725596643225806,Nordeste,833662.50555555557
2020,12,15164.88671875,4074.8123818674217,26.87004526258065,Norte,332022.87361111114
2020,12,203567.078125,34715.215095766122,17.0534514767742,Sudeste / Centro-Oeste,2723741.6333333333
2020,12,19897.046875,4615.4826423890208,23.196819306129022,Sul,892890.84722222225
2021,1,51602.0703125,25776.925907260993,49.953277464838621,Nordeste,872625.1569444444
2021,1,15164.88671875,4538.0218151471008,29.924532367096759,Norte,317024.94444444444
2021,1,203567.078125,43348.364415322612,21.294390401612887,Sudeste / Centro-Oeste,2773845.0819444442
2021,1,19897.046875,6359.9517546619354,31.964300155161308,Sul,925481.3625
2021,2,51602.0703125,28087.209612167135,54.430389540714216,Nordeste,748660.96666666667
2021,2,15164.88671875,5594.3763078960692,36.890325137857175,Norte,275355.07222222222
2021,2,203567.078125,53008.285993303682,26.039707251428567,Sudeste / Centro-Oeste,2411324.8444444444
2021,2,19897.046875,12579.44416155251,63.22266387964288,Sul,820893.3444444444
2021,3,51602.0703125,33485.054939517118,64.890909501935511,Nordeste,848536.65
2021,3,15164.88671875,10812.200384326126,71.297596347741873,Norte,317252.0625
2021,3,203567.078125,67511.365675403227,33.164187154516135,Sudeste / Centro-Oeste,2846840.7819444444
2021,3,19897.046875,12789.369707663231,64.277728788387108,Sul,936335.10833333328
2021,4,51602.0703125,34924.599739583275,67.680610149333233,Nordeste,820050.16666666663
2021,4,15164.88671875,12210.359147136325,80.517306263666669,Norte,319009.66666666669
2021,4,203567.078125,71768.07291666673,35.255246735000021,Sudeste / Centro-Oeste,2643050.2083333335
2021,4,19897.046875,11772.39596354332,59.166550190666669,Sul,890604.33333333337
2021,5,51602.0703125,33551.395602318822,65.019477475161153,Nordeste,813745.26388888888
2021,5,15164.88671875,12633.576329386769,83.308081349032165,Norte,335717.81527777779
2021,5,203567.078125,67691.733744959653,33.2527836219355,Sudeste / Centro-Oeste,2581296.7625
2021,5,19897.046875,11053.717584426779,55.554564568709658,Sul,851013.11944444443
2021,6,51602.0703125,31475.053255209968,60.995713423999973,Nordeste,794074.75
2021,6,15164.88671875,12712.676790366006,83.829689534333255,Norte,325797.625
2021,6,203567.078125,62137.924088541629,30.524539883999985,Sudeste / Centro-Oeste,2486325.0416666665
2021,6,19897.046875,11921.143164063002,59.914130274666704,Sul,796264.29166666663
2021,7,51602.0703125,29444.867250506442,57.061403090645179,Nordeste,814281.82222222222
2021,7,15164.88671875,12307.284967239357,81.15646829935487,Norte,334529.22361111111
2021,7,203567.078125,56244.40574596775,27.629416127741941,Sudeste / Centro-Oeste,2517956.8305555554
2021,7,19897.046875,11653.307428175483,58.56802245193547,Sul,837815.04166666663
2021,8,51602.0703125,26795.992817542563,51.92813577903226,Nordeste,826896.66944444447
2021,8,15164.88671875,11375.216765373209,75.010225111290566,Norte,348971.95138888888
2021,8,203567.078125,48572.00604838712,23.860445084838677,Sudeste / Centro-Oeste,2558320.9402777776
2021,8,19897.046875,7236.8830487658142,36.371648481612887,Sul,853001.8986111111
2021,9,51602.0703125,23189.09485677299,44.938300068666763,Nordeste,813681.95833333337
2021,9,15164.88671875,9942.1722005220145,65.560479862999884,Norte,342664.75
2021,9,203567.078125,37700.895442708294,18.520126850666664,Sudeste / Centro-Oeste,2625622.8333333335
2021,9,19897.046875,5586.8293945323312,28.078686777999973,Sul,796754.91666666663
2021,10,51602.0703125,19385.236517139991,37.566777505483863,Nordeste,880560.51111111115
2021,10,15164.88671875,8081.1064453129165,53.2882807322581,Norte,356469.68888888886
2021,10,203567.078125,34877.181577620991,17.133016031612907,Sudeste / Centro-Oeste,2721566.1222222224
2021,10,19897.046875,7735.2717363929041,38.876490193548371,Sul,832998.33055555553
2021,11,51602.0703125,18866.6255208357,36.561763381666687,Nordeste,845889.04166666663
2021,11,15164.88671875,5958.4867024750019,39.291333006333318,Norte,339749.45833333331
2021,11,203567.078125,38553.859505208377,18.939146677333362,Sudeste / Centro-Oeste,2538674.0
2021,11,19897.046875,10718.922786460673,53.871936796999989,Sul,825849.375
2021,12,51602.0703125,22666.075195313675,43.924736786000061,Nordeste,871410.95833333337
2021,12,15164.88671875,5872.1601888023315,38.722090147999978,Norte,338165.875
2021,12,203567.078125,44591.545572916686,21.905083401666683,Sudeste / Centro-Oeste,2610206.2083333335
2021,12,19897.046875,9307.8271809903454,46.779950206333325,Sul,866201.91666666663